{"pos":{"x":5543.442494153976,"y":34646.214000701904,"z":119757.88222503662},"rotation":{"x":0.005645712837576866,"y":-0.10208991914987564,"z":-0.0007518347119912505,"w":0.9947589039802551},"velocity":300000.0}
JSON ELEMENT END
{"pos":{"x":-95121.17586278916,"y":60321.250965595245,"z":383106.07153892519},"rotation":{"x":-0.2174207866191864,"y":0.09529787302017212,"z":0.012552740052342415,"w":0.9713335633277893},"velocity":300000.0}
JSON ELEMENT END
{"pos":{"x":-85572.35571813584,"y":-45979.20338010788,"z":394027.9157075882},"rotation":{"x":0.3050026595592499,"y":0.07258538901805878,"z":-0.06907641887664795,"w":0.947065532207489},"velocity":300000.0}
JSON ELEMENT END
{"pos":{"x":-66236.37873673439,"y":-36074.500381708145,"z":404206.74211645129},"rotation":{"x":-0.5888118743896484,"y":0.038386981934309009,"z":0.035671960562467578,"w":0.8065696358680725},"velocity":28935.548828125}
JSON ELEMENT END
{"pos":{"x":-77538.84205468372,"y":-67454.47027496994,"z":412259.00013472329},"rotation":{"x":-0.648938775062561,"y":0.1910971850156784,"z":-0.16163301467895509,"w":0.7184950113296509},"velocity":9258.3212890625}
JSON ELEMENT END
{"pos":{"x":-83979.7202293463,"y":-67068.45563445986,"z":410735.2708859006},"rotation":{"x":-0.14103306829929353,"y":0.12718607485294343,"z":-0.2290174812078476,"w":0.9547169208526611},"velocity":9258.3212890625}
JSON ELEMENT END
{"pos":{"x":-93108.20362225548,"y":-54563.58568331599,"z":413122.1565236123},"rotation":{"x":-0.677015483379364,"y":0.1732759177684784,"z":-0.019167426973581315,"w":0.7150231599807739},"velocity":9258.3212890625}
JSON ELEMENT END
{"pos":{"x":-97892.73956246868,"y":29032.953046782874,"z":412161.8059777473},"rotation":{"x":-0.578331708908081,"y":0.08261438459157944,"z":0.1290169358253479,"w":0.8012877106666565},"velocity":111.37212371826172}
JSON ELEMENT END
{"pos":{"x":-100225.50732970664,"y":39235.93736027088,"z":412127.1988099818},"rotation":{"x":-0.4062310457229614,"y":0.078611359000206,"z":0.15683068335056306,"w":0.8967723846435547},"velocity":5627.20751953125}
JSON ELEMENT END
{"pos":{"x":-107776.95243895015,"y":37151.29669392109,"z":414004.83587592889},"rotation":{"x":-0.35018330812454226,"y":0.07816174626350403,"z":0.15778690576553346,"w":0.9199813604354858},"velocity":5627.20751953125}